Run,Average Score
1,2.3333333333333335
2,3.0
3,3.0
4,2.0
5,2.3333333333333335
6,2.3333333333333335
7,2.6666666666666665
8,2.6666666666666665
9,2.6666666666666665
10,1.6666666666666667
11,3.3333333333333335
12,3.3333333333333335
13,2.3333333333333335
14,2.0
15,3.0
